customerID,gender,SeniorCitizen,tenure,PhoneService,InternetService,MonthlyCharges,TotalCharges,Churn
CUST00001,Male,0,40,No,DSL,31.08,1211.1,No
CUST00002,Male,0,63,Yes,Fiber optic,64.51,3929.71,Yes
CUST00003,Male,1,2,No,No,100.09,,No
CUST00004,Male,1,39,No,Fiber optic,72.02,3178.37,No
CUST00005,Male,0,11,Yes,No,76.74,898.39,Yes
CUST00006,Female,1,5,Yes,DSL,108.54,,Yes
CUST00007,Male,0,53,No,DSL,42.52,1909.92,No
CUST00008,Male,0,50,No,Fiber optic,48.63,2665.82,No
CUST00009,Male,0,12,Yes,Fiber optic,82.7,1086.92,No
CUST00010,Female,1,44,No,Fiber optic,81.28,3137.67,No
CUST00011,Female,0,9,Yes,DSL,78.26,666.93,Yes
CUST00012,Female,0,30,Yes,DSL,51.28,1316.97,No
CUST00013,Female,0,29,No,Fiber optic,78.86,2375.57,No
CUST00014,Female,0,6,Yes,DSL,63.25,426.08,No
CUST00015,Female,0,10,No,DSL,78.58,770.29,Yes
CUST00016,Female,0,34,Yes,Fiber optic,23.86,976.24,No
CUST00017,Female,0,10,No,DSL,97.57,917.78,Yes
CUST00018,Male,0,7,No,Fiber optic,106.6,790.31,Yes
CUST00019,Female,0,50,Yes,Fiber optic,82.64,3756.06,No
CUST00020,Female,0,57,Yes,DSL,78.58,4395.81,No
CUST00021,Female,1,69,No,No,20.31,2065.04,No
CUST00022,Male,0,27,Yes,No,21.96,704.76,No
CUST00023,Female,0,10,No,DSL,77.21,789.82,No
CUST00024,Female,0,9,No,No,91.21,820.45,Yes
CUST00025,Male,0,36,No,DSL,58.58,,No
CUST00026,Female,0,22,No,No,89.56,1914.94,No
CUST00027,Female,0,18,Yes,DSL,69.74,,No
CUST00028,Female,0,38,Yes,Fiber optic,32.12,1139.35,No
CUST00029,Male,0,12,No,DSL,28.07,358.09,No
CUST00030,Male,0,11,Yes,DSL,78.59,937.51,Yes
CUST00031,Female,0,1,No,DSL,89.41,88.28,No
CUST00032,Male,0,0,No,DSL,73.72,,No
CUST00033,Female,1,12,No,Fiber optic,26.3,271.77,No
CUST00034,Female,0,70,Yes,Fiber optic,81.16,5630.37,No
CUST00035,Female,1,0,Yes,No,70.6,,No
CUST00036,Female,1,62,No,Fiber optic,63.55,4015.7,No
CUST00037,Female,1,29,No,No,55.38,1494.72,Yes
CUST00038,Female,1,3,No,No,79.83,252.17,No
CUST00039,Female,0,69,No,Fiber optic,65.39,3942.22,Yes
CUST00040,Female,0,39,Yes,DSL,80.27,3434.06,No
CUST00041,Female,0,51,No,Fiber optic,38.55,,Yes
CUST00042,Male,0,70,Yes,DSL,44.95,3435.03,No
CUST00043,Male,1,30,No,Fiber optic,94.54,2988.37,Yes
CUST00044,Male,0,72,No,DSL,21.28,1623.82,No
CUST00045,Male,0,65,Yes,Fiber optic,75.29,4370.68,No
CUST00046,Male,0,23,Yes,Fiber optic,25.49,423.15,Yes
CUST00047,Male,0,43,No,No,27.87,1422.46,No
CUST00048,Male,0,44,No,Fiber optic,31.43,1275.06,No
CUST00049,Female,0,4,Yes,DSL,105.44,409.96,Yes
CUST00050,Male,1,19,Yes,Fiber optic,87.27,1659.6,No
CUST00051,Male,0,1,No,No,67.62,73.02,No
CUST00052,Male,0,12,No,DSL,31.78,480.73,No
CUST00053,Female,0,49,Yes,DSL,68.64,3462.13,No
CUST00054,Male,1,62,Yes,No,28.12,1975.73,No
CUST00055,Female,0,40,No,DSL,74.94,3345.84,No
CUST00056,Male,0,4,No,Fiber optic,86.5,346.47,Yes
CUST00057,Female,0,16,No,DSL,49.13,716.39,No
CUST00058,Male,0,1,No,Fiber optic,69.44,65.84,Yes
CUST00059,Female,0,2,Yes,DSL,85.44,174.26,Yes
CUST00060,Female,1,3,No,DSL,95.18,295.68,Yes
CUST00061,Male,0,48,No,Fiber optic,49.36,2063.11,No
CUST00062,Female,0,39,Yes,Fiber optic,59.46,2083.73,No
CUST00063,Female,0,54,Yes,DSL,68.47,3241.46,No
CUST00064,Female,0,67,Yes,No,38.21,,No
CUST00065,Male,0,2,Yes,Fiber optic,65.95,140.42,No
CUST00066,Male,0,62,Yes,No,33.04,2399.97,No
CUST00067,Male,0,34,No,DSL,74.7,2703.13,No
CUST00068,Male,1,8,No,Fiber optic,63.1,473.43,No
CUST00069,Male,0,8,Yes,DSL,82.82,710.7,Yes
CUST00070,Female,0,9,No,Fiber optic,91.21,833.27,Yes
CUST00071,Female,0,4,No,No,109.82,424.47,Yes
CUST00072,Female,0,19,No,Fiber optic,60.32,1265.81,No
CUST00073,Female,0,39,Yes,DSL,51.61,1997.48,No
CUST00074,Male,0,66,No,No,34.36,2829.71,No
CUST00075,Male,0,54,No,Fiber optic,77.42,4131.93,No
CUST00076,Male,0,40,Yes,Fiber optic,77.6,3011.48,No
CUST00077,Female,0,37,Yes,Fiber optic,47.75,1981.49,No
CUST00078,Male,0,30,No,Fiber optic,78.91,2267.85,Yes
CUST00079,Female,1,34,No,Fiber optic,29.0,,Yes
CUST00080,Female,0,26,Yes,No,92.55,2542.44,No
CUST00081,Male,0,38,No,DSL,98.26,3539.32,No
CUST00082,Male,0,40,Yes,No,80.01,3497.92,No
CUST00083,Female,0,40,Yes,DSL,87.15,3431.79,No
CUST00084,Female,1,0,No,DSL,109.4,,Yes
CUST00085,Female,1,10,No,Fiber optic,70.29,784.31,Yes
CUST00086,Female,0,57,No,No,25.36,1917.75,No
CUST00087,Male,0,0,No,No,76.35,,No
CUST00088,Male,0,49,No,Fiber optic,71.53,3802.19,No
CUST00089,Male,0,2,No,DSL,102.05,214.88,No
CUST00090,Male,0,38,No,Fiber optic,83.19,2912.64,Yes
CUST00091,Male,0,5,No,Fiber optic,69.96,380.71,No
CUST00092,Female,0,7,No,Fiber optic,107.59,787.39,Yes
CUST00093,Male,0,41,No,Fiber optic,78.56,3104.18,No
CUST00094,Male,0,55,Yes,Fiber optic,58.59,3625.38,No
CUST00095,Female,0,23,Yes,Fiber optic,32.64,646.83,No
CUST00096,Male,1,20,Yes,No,60.3,1380.06,No
CUST00097,Female,0,4,Yes,Fiber optic,94.32,393.13,No
CUST00098,Male,1,44,No,Fiber optic,28.17,1349.39,Yes
CUST00099,Male,0,23,Yes,DSL,97.55,2064.24,No
CUST00100,Female,0,37,No,DSL,64.49,2230.35,No
CUST00101,Female,0,21,No,Fiber optic,62.32,1112.24,No
CUST00102,Female,0,17,No,DSL,34.83,661.86,No
CUST00103,Female,0,34,Yes,DSL,94.91,3159.0,No
CUST00104,Male,0,4,No,No,100.94,423.77,Yes
CUST00105,Male,0,6,No,Fiber optic,66.23,379.06,No
CUST00106,Male,0,12,Yes,DSL,67.94,778.38,No
CUST00107,Male,0,55,No,DSL,79.04,4835.39,No
CUST00108,Female,0,49,No,DSL,75.74,3705.63,No
CUST00109,Female,0,15,Yes,No,64.49,1079.87,No
CUST00110,Male,1,64,Yes,No,25.79,2132.69,Yes
CUST00111,Male,1,11,No,No,92.71,978.78,Yes
CUST00112,Female,0,3,Yes,DSL,76.49,253.77,No
CUST00113,Male,0,9,No,DSL,61.58,,No
CUST00114,Female,0,22,No,DSL,24.2,560.62,No
CUST00115,Male,0,55,Yes,No,47.53,3012.58,No
CUST00116,Male,1,32,No,DSL,54.05,1834.23,No
CUST00117,Female,1,2,No,DSL,71.87,149.63,Yes
CUST00118,Female,0,56,No,Fiber optic,89.36,5378.7,No
CUST00119,Male,0,43,Yes,Fiber optic,37.17,1290.09,Yes
CUST00120,Female,0,7,No,No,62.03,493.18,No
CUST00121,Female,1,6,Yes,Fiber optic,79.1,495.49,No
CUST00122,Male,0,58,Yes,DSL,39.09,2491.03,No
CUST00123,Female,0,20,No,Fiber optic,55.82,1287.19,No
CUST00124,Female,0,31,Yes,Fiber optic,87.81,2866.88,Yes
CUST00125,Male,0,54,Yes,DSL,89.38,4793.77,No
CUST00126,Female,0,10,No,DSL,70.31,748.08,Yes
CUST00127,Female,0,51,No,Fiber optic,30.75,1165.23,No
CUST00128,Male,0,10,No,No,79.14,802.56,Yes
CUST00129,Female,1,19,No,Fiber optic,91.84,1666.66,No
CUST00130,Male,1,0,Yes,Fiber optic,79.43,,Yes
CUST00131,Male,0,5,No,DSL,82.81,459.37,No
CUST00132,Female,0,0,Yes,Fiber optic,89.64,,No
CUST00133,Female,0,6,Yes,No,83.8,455.29,Yes
CUST00134,Male,0,23,No,Fiber optic,46.44,1057.53,Yes
CUST00135,Male,1,52,Yes,Fiber optic,96.16,5046.74,No
CUST00136,Female,0,52,No,DSL,35.96,1751.07,No
CUST00137,Male,1,7,No,Fiber optic,85.69,663.24,Yes
CUST00138,Female,0,35,No,No,30.5,925.82,No
CUST00139,Male,0,12,Yes,Fiber optic,27.28,375.97,No
CUST00140,Male,1,6,Yes,No,103.57,581.3,Yes
CUST00141,Female,0,18,No,DSL,52.55,986.5,No
CUST00142,Female,0,49,No,No,95.8,4796.87,No
CUST00143,Male,0,34,No,DSL,59.34,2282.14,No
CUST00144,Female,0,53,No,DSL,43.27,2182.43,No
CUST00145,Male,0,16,Yes,No,92.95,1424.8,No
CUST00146,Female,0,3,No,No,105.23,294.09,Yes
CUST00147,Female,0,8,No,Fiber optic,101.36,760.9,Yes
CUST00148,Male,0,68,No,DSL,39.93,2124.77,No
CUST00149,Male,1,45,No,DSL,54.68,2881.73,Yes
CUST00150,Female,0,5,No,DSL,70.74,385.74,No
CUST00151,Male,0,70,No,Fiber optic,69.93,4576.2,Yes
CUST00152,Female,0,1,No,DSL,82.25,77.91,No
CUST00153,Female,0,72,No,Fiber optic,37.44,2744.46,Yes
CUST00154,Female,0,30,Yes,DSL,83.35,2784.52,No
CUST00155,Female,1,6,No,DSL,66.76,427.18,Yes
CUST00156,Male,1,13,No,DSL,21.96,408.49,No
CUST00157,Female,1,30,No,Fiber optic,61.76,2087.08,Yes
CUST00158,Male,0,11,No,Fiber optic,92.32,984.66,Yes
CUST00159,Male,0,4,No,Fiber optic,65.37,289.9,No
CUST00160,Male,1,6,Yes,Fiber optic,85.89,560.0,Yes
CUST00161,Female,0,7,Yes,DSL,95.41,,Yes
CUST00162,Female,0,12,Yes,Fiber optic,98.18,1268.89,No
CUST00163,Female,0,25,No,Fiber optic,61.37,,Yes
CUST00164,Female,0,31,No,DSL,33.37,1132.96,No
CUST00165,Female,0,42,No,No,73.64,2763.81,No
CUST00166,Male,0,2,Yes,No,86.34,187.26,Yes
CUST00167,Male,0,31,No,Fiber optic,56.64,1984.59,No
CUST00168,Male,0,26,Yes,DSL,91.39,2132.26,No
CUST00169,Female,0,12,No,DSL,58.69,772.21,No
CUST00170,Female,0,0,No,No,61.8,,No
CUST00171,Male,0,12,No,DSL,35.84,408.37,No
CUST00172,Female,0,41,Yes,DSL,83.02,3087.26,No
CUST00173,Male,0,57,No,No,64.07,3998.87,No
CUST00174,Male,0,6,No,DSL,66.71,386.74,No
CUST00175,Male,1,31,No,Fiber optic,83.72,2494.98,Yes
CUST00176,Male,1,2,Yes,No,67.27,127.97,Yes
CUST00177,Male,1,31,Yes,DSL,63.41,1700.25,No
CUST00178,Female,0,6,Yes,No,70.7,425.27,Yes
CUST00179,Male,0,18,Yes,DSL,73.73,1315.04,No
CUST00180,Female,0,72,No,Fiber optic,80.71,6326.1,No
CUST00181,Male,0,3,Yes,DSL,78.66,230.95,No
CUST00182,Female,0,11,No,Fiber optic,97.55,1100.05,No
CUST00183,Female,0,8,No,Fiber optic,91.76,715.32,No
CUST00184,Male,0,1,No,Fiber optic,77.16,75.97,No
CUST00185,Female,0,46,Yes,DSL,27.41,942.07,No
CUST00186,Male,0,30,No,DSL,24.88,920.87,No
CUST00187,Male,1,3,No,DSL,95.75,305.11,Yes
CUST00188,Male,0,13,No,DSL,93.72,1231.46,No
CUST00189,Male,0,38,Yes,No,39.0,1750.56,No
CUST00190,Male,0,10,No,DSL,99.32,1070.85,Yes
CUST00191,Male,0,61,No,Fiber optic,99.84,6070.18,No
CUST00192,Female,0,35,No,DSL,40.11,1301.66,No
CUST00193,Male,0,68,Yes,DSL,34.86,2560.19,No
CUST00194,Male,0,55,Yes,Fiber optic,66.64,3773.61,Yes
CUST00195,Male,0,66,No,Fiber optic,69.81,5188.57,No
CUST00196,Female,0,11,Yes,DSL,79.54,799.66,No
CUST00197,Male,0,58,Yes,DSL,55.53,3440.59,No
CUST00198,Male,0,0,No,Fiber optic,94.41,,Yes
CUST00199,Male,0,64,No,DSL,81.61,,No
CUST00200,Female,1,6,Yes,DSL,90.74,497.71,No
CUST00201,Female,1,8,Yes,Fiber optic,93.22,782.68,No
CUST00202,Male,1,68,No,No,79.37,5775.96,No
CUST00203,Female,0,7,No,DSL,62.77,401.88,No
CUST00204,Female,0,67,Yes,Fiber optic,66.29,,No
CUST00205,Female,0,14,No,Fiber optic,38.89,640.0,Yes
CUST00206,Female,1,61,No,No,93.63,,No
CUST00207,Female,1,11,Yes,Fiber optic,94.81,939.79,No
CUST00208,Male,0,66,Yes,Fiber optic,74.22,5233.88,No
CUST00209,Female,0,4,No,DSL,62.71,225.98,No
CUST00210,Female,0,39,No,DSL,48.8,2070.25,No
CUST00211,Male,0,6,No,DSL,72.02,416.82,No
CUST00212,Male,1,67,No,Fiber optic,90.57,,No
CUST00213,Female,0,1,No,No,92.23,92.6,No
CUST00214,Male,0,14,Yes,No,78.68,1049.68,No
CUST00215,Female,0,60,No,Fiber optic,40.91,2696.74,No
CUST00216,Male,0,61,No,Fiber optic,92.99,5592.22,No
CUST00217,Female,0,55,No,DSL,63.06,3354.1,No
CUST00218,Male,1,19,No,Fiber optic,47.64,911.81,No
CUST00219,Male,0,54,No,DSL,92.54,4484.85,No
CUST00220,Male,1,45,No,No,25.52,993.96,No
CUST00221,Female,0,38,No,DSL,75.5,3082.84,No
CUST00222,Male,0,12,No,DSL,89.04,1100.93,No
CUST00223,Male,0,0,Yes,Fiber optic,75.67,,Yes
CUST00224,Female,0,52,Yes,DSL,37.6,2089.66,No
CUST00225,Male,0,19,No,No,80.4,1517.77,No
CUST00226,Male,0,6,No,Fiber optic,67.52,436.55,No
CUST00227,Female,0,46,No,No,81.91,3782.58,No
CUST00228,Male,0,9,No,Fiber optic,77.09,649.52,No
CUST00229,Female,1,62,Yes,Fiber optic,41.44,2855.03,Yes
CUST00230,Female,1,26,No,Fiber optic,85.03,1976.78,No
CUST00231,Female,0,8,No,Fiber optic,75.48,543.54,Yes
CUST00232,Male,0,0,No,DSL,74.25,,No
CUST00233,Female,0,66,Yes,DSL,88.07,5372.04,No
CUST00234,Female,1,66,Yes,DSL,60.86,4246.82,Yes
CUST00235,Male,0,8,Yes,Fiber optic,93.21,684.93,Yes
CUST00236,Female,0,57,No,No,72.61,4674.97,No
CUST00237,Male,0,43,Yes,DSL,61.4,,No
CUST00238,Male,0,47,No,DSL,63.33,3122.69,No
CUST00239,Female,0,20,Yes,Fiber optic,85.29,1541.59,No
CUST00240,Female,0,65,Yes,No,43.07,2963.81,No
CUST00241,Female,1,54,No,Fiber optic,81.74,4087.76,No
CUST00242,Male,0,67,No,DSL,73.55,4735.5,No
CUST00243,Female,0,5,Yes,Fiber optic,82.17,429.22,Yes
CUST00244,Female,0,11,No,DSL,93.4,925.36,Yes
CUST00245,Female,0,25,Yes,Fiber optic,68.33,1706.95,No
CUST00246,Female,0,14,No,No,72.79,916.2,No
CUST00247,Male,1,16,No,Fiber optic,35.72,564.39,Yes
CUST00248,Female,0,48,No,DSL,79.55,4078.26,No
CUST00249,Female,1,39,No,Fiber optic,99.17,3712.09,No
CUST00250,Female,0,50,Yes,No,64.25,2857.56,No
CUST00251,Female,0,67,Yes,DSL,84.08,5640.39,No
CUST00252,Female,0,0,Yes,Fiber optic,89.0,,No
CUST00253,Female,0,53,No,No,36.71,1952.51,No
CUST00254,Male,0,12,Yes,Fiber optic,28.18,234.42,No
CUST00255,Male,0,49,Yes,Fiber optic,60.51,2972.28,No
CUST00256,Male,0,69,Yes,No,23.55,1860.7,No
CUST00257,Male,0,45,No,DSL,49.06,1936.19,No
CUST00258,Male,0,65,Yes,Fiber optic,61.14,4532.87,Yes
CUST00259,Female,0,69,No,No,57.32,4185.81,No
CUST00260,Male,0,48,Yes,DSL,49.21,2221.95,No
CUST00261,Female,0,40,Yes,DSL,54.12,1844.02,No
CUST00262,Female,0,53,Yes,No,62.39,3126.69,No
CUST00263,Male,0,60,Yes,DSL,82.04,4470.51,No
CUST00264,Female,0,48,No,Fiber optic,69.61,3789.52,No
CUST00265,Male,0,42,Yes,No,58.45,2675.12,No
CUST00266,Female,1,27,Yes,No,34.29,841.55,No
CUST00267,Female,0,32,Yes,Fiber optic,69.67,,Yes
CUST00268,Female,0,40,No,DSL,34.06,1160.78,No
CUST00269,Male,0,48,Yes,Fiber optic,22.51,1259.7,No
CUST00270,Male,0,2,No,Fiber optic,101.61,220.44,Yes
CUST00271,Female,0,3,Yes,Fiber optic,62.09,204.34,Yes
CUST00272,Male,0,43,Yes,DSL,60.16,2406.15,No
CUST00273,Female,0,12,No,No,92.36,1136.37,No
CUST00274,Female,0,26,No,DSL,26.02,543.19,No
CUST00275,Female,0,5,No,DSL,67.47,386.43,No
CUST00276,Male,0,10,No,No,105.97,1142.93,No
CUST00277,Female,1,69,Yes,No,54.92,4083.85,No
CUST00278,Male,0,49,Yes,Fiber optic,60.22,2964.62,Yes
CUST00279,Female,0,9,Yes,No,91.68,820.66,No
CUST00280,Female,0,19,No,Fiber optic,96.96,,Yes
CUST00281,Male,0,15,No,No,44.12,661.8,No
CUST00282,Male,0,50,No,No,29.45,1842.55,No
CUST00283,Male,1,26,No,DSL,36.17,753.9,No
CUST00284,Female,0,1,Yes,DSL,79.66,73.74,Yes
CUST00285,Female,0,60,No,No,78.79,4509.16,No
CUST00286,Female,0,7,No,Fiber optic,96.63,654.56,No
CUST00287,Female,0,57,Yes,Fiber optic,69.29,4455.14,No
CUST00288,Female,1,27,No,DSL,23.54,740.61,No
CUST00289,Female,0,8,Yes,DSL,104.19,820.19,No
CUST00290,Female,0,18,Yes,No,27.51,659.9,No
CUST00291,Male,0,4,No,No,70.08,252.85,Yes
CUST00292,Male,0,12,Yes,DSL,62.62,749.68,No
CUST00293,Male,0,5,Yes,DSL,79.58,447.7,Yes
CUST00294,Female,0,49,Yes,Fiber optic,45.01,2660.41,No
CUST00295,Male,1,42,Yes,Fiber optic,40.55,1390.2,Yes
CUST00296,Male,0,16,No,No,45.28,602.2,No
CUST00297,Male,0,28,No,DSL,25.43,635.64,No
CUST00298,Female,0,3,Yes,No,91.44,247.48,Yes
CUST00299,Male,1,50,No,No,84.67,3814.79,No
CUST00300,Male,0,15,Yes,Fiber optic,30.02,376.94,No
CUST00301,Female,0,57,Yes,Fiber optic,96.17,5167.99,No
CUST00302,Female,0,29,No,DSL,89.92,2342.73,No
CUST00303,Female,0,12,Yes,Fiber optic,25.58,236.81,No
CUST00304,Female,0,48,Yes,DSL,47.54,1835.51,No
CUST00305,Female,0,17,No,Fiber optic,59.1,1119.97,No
CUST00306,Female,0,43,No,Fiber optic,39.23,1769.95,No
CUST00307,Female,1,55,Yes,DSL,44.59,2432.95,No
CUST00308,Female,1,43,Yes,Fiber optic,37.34,1572.81,No
CUST00309,Male,1,10,Yes,Fiber optic,106.67,973.21,Yes
CUST00310,Male,0,7,Yes,DSL,62.3,379.92,No
CUST00311,Female,0,10,No,Fiber optic,83.92,872.27,No
CUST00312,Female,0,7,Yes,DSL,87.89,596.44,No
CUST00313,Female,1,4,No,Fiber optic,91.78,392.22,Yes
CUST00314,Male,0,53,Yes,Fiber optic,76.59,4515.14,No
CUST00315,Female,0,0,No,DSL,106.58,,No
CUST00316,Female,0,0,No,No,102.32,,No
CUST00317,Female,0,7,No,Fiber optic,90.17,651.17,No
CUST00318,Male,1,42,No,No,55.66,2620.67,Yes
CUST00319,Female,0,30,Yes,DSL,54.42,1930.23,No
CUST00320,Male,0,16,Yes,Fiber optic,34.11,554.39,No
CUST00321,Male,0,58,No,DSL,70.94,4200.83,No
CUST00322,Female,0,32,No,No,42.19,,No
CUST00323,Male,0,30,Yes,Fiber optic,91.73,2652.72,No
CUST00324,Female,1,21,No,No,83.84,1881.59,No
CUST00325,Male,0,22,Yes,Fiber optic,68.3,1679.36,No
CUST00326,Male,1,12,No,Fiber optic,33.89,454.98,No
CUST00327,Female,0,46,No,DSL,89.17,4260.35,No
CUST00328,Female,0,54,Yes,Fiber optic,77.46,3775.26,No
CUST00329,Male,0,12,No,Fiber optic,22.03,226.56,No
CUST00330,Female,0,35,No,No,87.4,2877.86,No
CUST00331,Female,0,10,No,No,85.15,805.38,Yes
CUST00332,Female,0,54,Yes,DSL,27.2,961.22,No
CUST00333,Male,0,51,No,Fiber optic,54.06,2495.24,No
CUST00334,Male,1,48,Yes,DSL,59.63,2871.82,No
CUST00335,Male,0,8,Yes,Fiber optic,69.12,,No
CUST00336,Female,0,1,No,No,100.47,99.89,Yes
CUST00337,Female,0,30,No,Fiber optic,23.81,519.93,No
CUST00338,Female,0,57,No,DSL,95.46,4953.28,No
CUST00339,Female,1,10,No,DSL,69.87,732.95,No
CUST00340,Male,0,1,Yes,DSL,68.05,64.08,No
CUST00341,Female,0,41,Yes,No,70.89,2759.14,No
CUST00342,Male,0,54,No,DSL,96.46,4838.13,No
CUST00343,Female,0,12,No,DSL,88.64,1144.75,No
CUST00344,Male,1,16,Yes,Fiber optic,34.16,411.96,No
CUST00345,Female,1,3,No,Fiber optic,98.05,300.27,No
CUST00346,Male,1,3,Yes,Fiber optic,78.06,219.0,Yes
CUST00347,Female,0,2,Yes,Fiber optic,71.39,162.08,Yes
CUST00348,Male,0,9,Yes,Fiber optic,65.77,638.05,Yes
CUST00349,Female,0,30,No,Fiber optic,24.71,959.14,No
CUST00350,Female,0,4,Yes,No,84.92,374.93,Yes
CUST00351,Male,1,0,Yes,No,95.81,,Yes
CUST00352,Male,0,15,No,Fiber optic,57.87,983.57,Yes
CUST00353,Male,0,68,Yes,Fiber optic,66.03,4277.27,No
CUST00354,Male,0,10,Yes,DSL,61.61,556.93,No
CUST00355,Female,1,41,Yes,No,92.23,3430.17,No
CUST00356,Female,0,0,Yes,Fiber optic,84.46,,Yes
CUST00357,Male,0,32,Yes,Fiber optic,97.22,3194.42,Yes
CUST00358,Female,0,49,Yes,DSL,79.93,4245.17,No
CUST00359,Female,0,9,No,DSL,64.25,505.38,No
CUST00360,Male,0,47,No,Fiber optic,71.93,3626.78,No
CUST00361,Female,0,22,Yes,Fiber optic,70.93,1569.12,Yes
CUST00362,Male,1,10,No,DSL,80.01,714.37,Yes
CUST00363,Female,0,0,Yes,DSL,78.29,,Yes
CUST00364,Male,0,17,Yes,DSL,98.1,1670.78,No
CUST00365,Male,0,68,Yes,No,65.81,3971.92,No
CUST00366,Male,0,1,No,Fiber optic,91.12,85.12,Yes
CUST00367,Female,0,63,Yes,DSL,98.63,5749.38,No
CUST00368,Male,1,50,No,Fiber optic,90.61,4801.34,Yes
CUST00369,Male,0,27,No,Fiber optic,82.4,2218.72,Yes
CUST00370,Male,1,52,No,Fiber optic,62.94,2873.01,Yes
CUST00371,Female,0,33,Yes,No,61.46,2178.75,No
CUST00372,Female,0,8,Yes,No,93.04,747.06,Yes
CUST00373,Female,1,30,No,No,55.68,1798.87,No
CUST00374,Male,0,72,No,DSL,48.81,,No
CUST00375,Female,0,12,Yes,Fiber optic,88.14,994.65,No
CUST00376,Female,1,3,Yes,No,66.14,192.7,No
CUST00377,Female,0,15,No,Fiber optic,46.28,716.33,No
CUST00378,Female,0,2,No,DSL,89.42,188.78,Yes
CUST00379,Female,0,50,Yes,DSL,25.15,1230.39,No
CUST00380,Male,0,21,Yes,DSL,63.88,1509.91,No
CUST00381,Male,0,34,Yes,Fiber optic,47.43,1951.58,Yes
CUST00382,Female,0,22,No,No,75.1,1853.15,No
CUST00383,Male,0,25,Yes,DSL,76.94,,No
CUST00384,Female,1,47,Yes,No,45.08,2233.48,No
CUST00385,Female,0,10,Yes,Fiber optic,87.4,858.07,Yes
CUST00386,Female,0,27,Yes,Fiber optic,31.75,695.05,Yes
CUST00387,Female,0,24,Yes,Fiber optic,98.56,2334.72,Yes
CUST00388,Female,0,35,No,DSL,68.76,2111.9,No
CUST00389,Male,1,36,Yes,Fiber optic,78.47,2843.36,Yes
CUST00390,Female,0,54,Yes,Fiber optic,83.08,,Yes
CUST00391,Male,0,33,Yes,Fiber optic,54.25,1968.05,Yes
CUST00392,Female,0,71,Yes,DSL,87.98,5882.12,No
CUST00393,Female,0,11,No,No,107.43,1290.42,No
CUST00394,Female,0,2,Yes,DSL,81.86,172.04,Yes
CUST00395,Female,0,0,Yes,Fiber optic,85.48,,Yes
CUST00396,Female,0,2,No,DSL,103.24,206.58,Yes
CUST00397,Female,0,46,Yes,DSL,94.39,4582.88,No
CUST00398,Female,1,14,Yes,No,49.98,823.5,No
CUST00399,Female,0,21,No,Fiber optic,60.19,1347.31,No
CUST00400,Female,1,12,Yes,Fiber optic,86.48,960.91,Yes
CUST00401,Male,0,50,No,No,61.28,2883.48,No
CUST00402,Male,0,10,Yes,Fiber optic,100.77,965.43,Yes
CUST00403,Female,0,71,Yes,DSL,87.8,5953.21,No
CUST00404,Female,0,4,No,DSL,62.59,227.32,No
CUST00405,Female,0,8,Yes,No,70.87,578.46,Yes
CUST00406,Male,0,5,Yes,Fiber optic,90.21,417.86,Yes
CUST00407,Female,1,4,No,Fiber optic,62.28,218.66,Yes
CUST00408,Male,1,1,Yes,Fiber optic,73.23,81.97,No
CUST00409,Male,0,65,Yes,DSL,23.32,1809.56,No
CUST00410,Male,0,48,No,Fiber optic,78.29,3573.85,Yes
CUST00411,Male,0,9,No,No,72.03,660.94,No
CUST00412,Female,0,22,Yes,Fiber optic,20.35,487.46,No
CUST00413,Male,0,16,Yes,DSL,93.16,1338.92,No
CUST00414,Male,0,0,Yes,Fiber optic,94.61,,Yes
CUST00415,Male,0,11,Yes,Fiber optic,64.25,751.51,No
CUST00416,Female,1,66,No,Fiber optic,54.29,3517.0,Yes
CUST00417,Male,0,23,No,No,21.97,374.22,No
CUST00418,Female,0,5,No,Fiber optic,101.18,468.47,Yes
CUST00419,Female,1,10,No,Fiber optic,72.94,822.39,Yes
CUST00420,Female,0,46,No,DSL,80.76,3486.47,No
CUST00421,Male,0,70,Yes,Fiber optic,60.97,3826.76,No
CUST00422,Female,0,54,No,No,64.56,3393.81,No
CUST00423,Male,0,36,Yes,DSL,79.54,2798.39,No
CUST00424,Male,0,40,Yes,DSL,24.76,735.96,No
CUST00425,Female,0,17,No,DSL,66.44,961.03,No
CUST00426,Male,0,43,Yes,No,74.94,3602.12,No
CUST00427,Female,0,44,No,DSL,28.74,1229.05,No
CUST00428,Female,0,5,Yes,Fiber optic,82.23,392.36,Yes
CUST00429,Male,0,49,Yes,No,56.95,2538.32,No
CUST00430,Male,1,67,No,Fiber optic,57.01,3516.11,Yes
CUST00431,Male,0,6,No,DSL,89.48,484.39,Yes
CUST00432,Male,1,9,No,Fiber optic,61.49,468.59,Yes
CUST00433,Male,1,37,Yes,No,55.44,1836.2,No
CUST00434,Male,1,30,Yes,DSL,73.85,2258.26,Yes
CUST00435,Male,1,5,Yes,DSL,107.74,521.51,Yes
CUST00436,Female,0,2,No,Fiber optic,68.21,139.96,No
CUST00437,Male,1,1,Yes,DSL,75.63,71.9,No
CUST00438,Female,0,45,Yes,No,53.45,2482.64,No
CUST00439,Female,1,35,Yes,DSL,30.83,1188.99,No
CUST00440,Male,0,37,Yes,Fiber optic,88.18,3386.16,Yes
CUST00441,Female,0,66,No,Fiber optic,43.8,2296.16,Yes
CUST00442,Female,0,46,Yes,Fiber optic,58.37,2581.76,No
CUST00443,Male,0,25,Yes,DSL,23.96,710.87,No
CUST00444,Male,1,24,No,No,29.37,844.13,Yes
CUST00445,Female,0,51,No,Fiber optic,82.41,4673.21,Yes
CUST00446,Male,0,32,No,DSL,67.63,2058.94,No
CUST00447,Male,0,48,No,Fiber optic,89.41,4034.73,No
CUST00448,Male,0,19,No,Fiber optic,46.42,982.96,Yes
CUST00449,Female,0,67,No,Fiber optic,42.1,2554.51,Yes
CUST00450,Female,0,23,Yes,Fiber optic,53.57,1052.9,Yes
CUST00451,Female,0,6,No,Fiber optic,104.07,615.43,Yes
CUST00452,Female,0,33,Yes,Fiber optic,30.49,839.18,No
CUST00453,Male,1,11,Yes,DSL,68.59,780.12,Yes
CUST00454,Male,0,2,Yes,No,69.93,141.02,No
CUST00455,Female,1,38,No,No,23.92,1028.22,No
CUST00456,Female,0,52,No,DSL,30.73,2091.26,No
CUST00457,Female,0,15,No,DSL,37.3,488.72,No
CUST00458,Male,0,26,No,DSL,50.0,1457.35,No
CUST00459,Female,1,56,No,No,91.88,4822.83,Yes
CUST00460,Male,0,4,Yes,No,101.35,391.55,No
CUST00461,Female,0,43,No,Fiber optic,96.96,4273.13,No
CUST00462,Male,0,71,Yes,Fiber optic,99.99,7257.48,No
CUST00463,Male,0,65,Yes,Fiber optic,83.98,5059.07,Yes
CUST00464,Female,0,9,Yes,Fiber optic,82.24,823.53,Yes
CUST00465,Female,0,48,No,DSL,85.83,4066.28,No
CUST00466,Male,0,8,No,No,80.06,572.21,No
CUST00467,Female,1,34,No,Fiber optic,71.22,2111.51,No
CUST00468,Male,0,60,Yes,DSL,71.66,,No
CUST00469,Male,1,54,No,Fiber optic,80.65,4065.46,No
CUST00470,Male,0,1,No,DSL,61.77,60.51,No
CUST00471,Male,0,70,No,Fiber optic,57.99,4734.22,Yes
CUST00472,Female,0,34,Yes,DSL,61.11,1820.12,No
CUST00473,Female,1,6,No,DSL,80.71,525.93,Yes
CUST00474,Male,1,21,No,DSL,44.07,992.97,No
CUST00475,Female,0,4,No,DSL,106.54,403.97,No
CUST00476,Female,0,61,Yes,No,40.2,1924.68,No
CUST00477,Female,0,3,No,DSL,101.78,306.54,No
CUST00478,Male,0,47,Yes,DSL,82.11,3588.13,No
CUST00479,Male,1,72,No,Fiber optic,30.67,1797.42,No
CUST00480,Female,0,48,No,No,43.57,2436.49,No
CUST00481,Male,0,10,No,DSL,75.17,,Yes
CUST00482,Male,0,61,Yes,Fiber optic,54.11,2830.14,No
CUST00483,Male,0,11,Yes,No,106.83,1245.24,No
CUST00484,Male,0,45,No,Fiber optic,99.11,4431.43,No
CUST00485,Male,0,4,No,DSL,92.58,377.48,Yes
CUST00486,Female,0,2,No,Fiber optic,69.24,119.59,No
CUST00487,Male,0,40,Yes,No,71.49,3216.29,No
CUST00488,Female,0,35,Yes,DSL,88.22,2941.94,No
CUST00489,Female,1,6,No,DSL,69.78,456.11,Yes
CUST00490,Male,0,1,Yes,No,75.51,70.81,No
CUST00491,Female,1,36,No,No,64.57,2421.38,No
CUST00492,Female,0,43,Yes,DSL,69.0,2615.47,No
CUST00493,Male,0,5,Yes,Fiber optic,76.07,364.06,Yes
CUST00494,Female,0,10,No,Fiber optic,72.59,772.98,Yes
CUST00495,Female,0,2,No,Fiber optic,99.75,196.49,No
CUST00496,Female,0,22,Yes,Fiber optic,89.52,2128.16,No
CUST00497,Female,0,4,No,DSL,88.99,375.91,Yes
CUST00498,Male,1,12,Yes,DSL,94.38,1054.59,No
CUST00499,Female,1,66,No,DSL,88.51,5875.57,No
CUST00500,Male,0,19,No,Fiber optic,86.66,1489.72,Yes
CUST00501,Male,0,44,No,Fiber optic,60.57,2289.84,No
CUST00502,Female,0,17,No,DSL,21.26,386.29,No
CUST00503,Female,0,12,Yes,DSL,33.98,397.46,No
CUST00504,Male,0,6,No,Fiber optic,107.42,622.16,No
CUST00505,Female,0,1,Yes,Fiber optic,96.91,90.38,No
CUST00506,Male,0,29,No,DSL,72.98,2198.13,No
CUST00507,Female,1,5,Yes,DSL,66.26,303.6,No
CUST00508,Female,1,29,No,DSL,48.79,1244.7,No
CUST00509,Male,0,9,Yes,Fiber optic,100.67,948.74,Yes
CUST00510,Male,0,4,Yes,Fiber optic,60.1,202.43,No
CUST00511,Female,1,28,No,No,68.59,1742.93,No
CUST00512,Male,1,5,No,No,94.61,492.51,Yes
CUST00513,Female,0,9,No,Fiber optic,86.92,823.95,No
CUST00514,Male,0,4,Yes,No,105.66,400.57,Yes
CUST00515,Female,0,6,Yes,DSL,99.66,580.51,Yes
CUST00516,Female,0,70,No,Fiber optic,64.65,4510.58,No
CUST00517,Male,0,68,Yes,Fiber optic,33.69,2003.32,Yes
CUST00518,Male,0,3,Yes,DSL,93.87,252.95,Yes
CUST00519,Male,0,66,Yes,DSL,79.35,5071.32,No
CUST00520,Male,0,66,Yes,Fiber optic,82.78,5030.57,Yes
CUST00521,Male,0,11,Yes,No,68.77,728.65,No
CUST00522,Male,1,14,No,No,76.29,989.59,No
CUST00523,Male,0,32,Yes,No,65.22,2281.35,No
CUST00524,Female,1,24,Yes,Fiber optic,86.93,2145.01,No
CUST00525,Female,0,5,Yes,DSL,109.74,518.65,Yes
CUST00526,Female,0,36,No,No,54.79,1682.22,No
CUST00527,Male,1,33,No,Fiber optic,38.77,,Yes
CUST00528,Male,0,37,Yes,DSL,62.83,2526.42,No
CUST00529,Male,0,0,Yes,Fiber optic,71.78,,Yes
CUST00530,Male,1,44,Yes,Fiber optic,52.2,2680.14,Yes
CUST00531,Male,0,0,Yes,Fiber optic,65.84,,No
CUST00532,Female,0,23,No,Fiber optic,96.93,2217.75,No
CUST00533,Female,0,39,Yes,Fiber optic,61.11,2341.82,No
CUST00534,Female,0,3,Yes,DSL,74.69,250.94,Yes
CUST00535,Male,1,28,Yes,DSL,73.72,1804.7,Yes
CUST00536,Male,0,11,Yes,DSL,86.42,982.24,Yes
CUST00537,Female,0,66,No,Fiber optic,99.6,6819.25,No
CUST00538,Female,0,12,Yes,Fiber optic,97.83,1272.9,No
CUST00539,Male,0,7,Yes,Fiber optic,76.02,575.27,No
CUST00540,Female,0,53,No,DSL,68.65,3968.93,No
CUST00541,Female,0,0,No,Fiber optic,102.59,,Yes
CUST00542,Male,0,70,No,Fiber optic,81.11,5849.0,No
CUST00543,Female,0,52,Yes,Fiber optic,57.53,,Yes
CUST00544,Male,0,1,No,Fiber optic,78.35,86.28,Yes
CUST00545,Female,0,40,No,Fiber optic,79.76,3228.89,Yes
CUST00546,Female,0,18,No,DSL,67.53,1045.93,No
CUST00547,Female,0,50,No,Fiber optic,30.25,1234.95,No
CUST00548,Female,0,4,No,Fiber optic,81.47,316.42,Yes
CUST00549,Male,0,55,Yes,Fiber optic,36.88,2395.43,No
CUST00550,Male,0,10,Yes,DSL,69.69,672.2,No
CUST00551,Female,0,56,No,Fiber optic,69.26,3819.06,Yes
CUST00552,Male,1,9,No,Fiber optic,63.09,550.82,Yes
CUST00553,Female,0,5,Yes,DSL,94.23,486.54,Yes
CUST00554,Female,1,53,Yes,No,65.3,3697.29,No
CUST00555,Female,0,61,Yes,No,94.6,,No
CUST00556,Female,0,33,No,DSL,83.85,2933.39,No
CUST00557,Female,0,6,No,DSL,78.95,,No
CUST00558,Female,0,2,No,DSL,77.23,140.08,No
CUST00559,Male,0,2,Yes,Fiber optic,70.73,130.19,No
CUST00560,Female,1,8,Yes,Fiber optic,82.6,,Yes
CUST00561,Female,0,27,No,No,72.93,2197.48,No
CUST00562,Male,1,7,No,DSL,91.32,678.31,Yes
CUST00563,Male,0,71,Yes,DSL,78.37,5370.93,No
CUST00564,Male,0,59,Yes,DSL,74.89,3968.63,No
CUST00565,Female,0,67,Yes,Fiber optic,51.06,3944.24,No
CUST00566,Female,0,31,No,DSL,80.43,2194.01,No
CUST00567,Female,1,24,No,No,63.76,1350.57,No
CUST00568,Female,0,44,No,Fiber optic,99.99,,No
CUST00569,Female,0,7,Yes,DSL,104.7,715.87,Yes
CUST00570,Female,0,57,No,No,49.74,3032.73,No
CUST00571,Male,0,13,No,DSL,58.28,825.48,No
CUST00572,Female,0,26,No,DSL,61.46,1420.05,No
CUST00573,Female,0,65,Yes,No,20.31,1723.32,No
CUST00574,Female,0,3,Yes,No,84.23,272.41,Yes
CUST00575,Female,0,26,Yes,No,52.33,1224.73,No
CUST00576,Female,0,23,No,DSL,91.36,2163.05,No
CUST00577,Male,0,16,Yes,Fiber optic,33.8,419.56,Yes
CUST00578,Male,0,10,Yes,No,95.9,990.23,No
CUST00579,Female,0,9,Yes,DSL,70.05,570.97,No
CUST00580,Male,0,52,No,DSL,85.43,4738.18,No
CUST00581,Male,0,36,Yes,Fiber optic,69.71,2838.18,Yes
CUST00582,Female,0,8,No,DSL,104.01,823.11,No
CUST00583,Male,0,10,Yes,No,80.07,723.84,Yes
CUST00584,Female,0,53,No,Fiber optic,20.71,745.03,No
CUST00585,Female,0,59,No,No,45.36,2233.13,No
CUST00586,Female,1,20,No,DSL,87.28,1940.09,No
CUST00587,Female,1,18,Yes,Fiber optic,95.65,1622.97,No
CUST00588,Female,1,9,Yes,Fiber optic,85.21,687.28,No
CUST00589,Female,0,62,Yes,Fiber optic,82.5,5549.92,No
CUST00590,Male,1,2,No,Fiber optic,82.6,152.02,No
CUST00591,Male,1,4,No,DSL,75.66,288.3,Yes
CUST00592,Female,1,12,No,Fiber optic,88.76,1184.66,No
CUST00593,Female,1,43,Yes,Fiber optic,80.5,3455.82,No
CUST00594,Female,0,70,No,DSL,76.18,4743.93,No
CUST00595,Male,0,7,No,DSL,97.42,633.51,Yes
CUST00596,Female,0,2,Yes,DSL,85.25,184.79,No
CUST00597,Female,0,59,No,DSL,78.6,4747.08,No
CUST00598,Female,1,71,No,Fiber optic,64.99,5042.1,No
CUST00599,Male,0,0,Yes,Fiber optic,81.46,,Yes
CUST00600,Male,1,40,No,DSL,71.31,2832.37,No
CUST00601,Female,1,57,Yes,DSL,64.07,3782.74,No
CUST00602,Female,0,11,No,Fiber optic,61.84,618.32,No
CUST00603,Male,1,59,Yes,Fiber optic,62.93,,No
CUST00604,Female,0,17,No,Fiber optic,41.99,759.99,Yes
CUST00605,Male,0,52,Yes,DSL,54.27,2777.64,No
CUST00606,Male,0,51,No,Fiber optic,98.36,4534.21,Yes
CUST00607,Female,0,23,No,Fiber optic,41.26,891.39,Yes
CUST00608,Female,0,54,No,Fiber optic,50.04,2905.36,No
CUST00609,Female,1,8,No,Fiber optic,73.82,532.91,Yes
CUST00610,Female,0,2,No,DSL,72.64,142.77,No
CUST00611,Male,1,64,Yes,No,60.82,4178.74,Yes
CUST00612,Female,0,65,Yes,DSL,65.16,3911.63,No
CUST00613,Female,0,23,Yes,DSL,43.14,1137.25,No
CUST00614,Female,0,8,Yes,Fiber optic,95.99,778.29,No
CUST00615,Male,0,1,No,No,80.62,76.71,No
CUST00616,Male,0,53,No,DSL,47.23,2707.59,No
CUST00617,Female,0,25,No,Fiber optic,30.76,631.05,No
CUST00618,Female,0,1,Yes,No,98.8,91.04,Yes
CUST00619,Female,1,47,No,DSL,31.27,1870.4,No
CUST00620,Male,0,5,No,Fiber optic,94.65,495.07,Yes
CUST00621,Male,0,10,No,Fiber optic,92.23,922.94,Yes
CUST00622,Female,0,12,Yes,DSL,26.09,400.52,No
CUST00623,Female,0,2,Yes,Fiber optic,81.25,170.29,No
CUST00624,Male,1,1,Yes,DSL,73.67,66.08,No
CUST00625,Male,0,3,Yes,No,81.0,214.14,No
CUST00626,Female,0,19,Yes,No,30.3,580.04,No
CUST00627,Male,0,11,No,DSL,62.75,735.39,No
CUST00628,Male,0,52,No,Fiber optic,81.67,4421.22,Yes
CUST00629,Female,0,36,No,DSL,30.26,1305.56,No
CUST00630,Female,1,1,Yes,DSL,93.68,92.43,Yes
CUST00631,Male,0,68,Yes,DSL,24.0,1502.81,No
CUST00632,Male,0,15,No,DSL,36.18,563.82,No
CUST00633,Male,0,67,Yes,No,53.01,,No
CUST00634,Female,0,24,Yes,DSL,93.33,2197.91,No
CUST00635,Male,1,28,No,Fiber optic,24.63,586.7,Yes
CUST00636,Female,1,1,Yes,DSL,92.65,100.76,No
CUST00637,Male,0,11,No,Fiber optic,84.37,825.77,Yes
CUST00638,Male,1,52,Yes,DSL,22.76,986.45,No
CUST00639,Male,0,52,Yes,No,95.08,4737.6,No
CUST00640,Male,0,4,No,No,96.07,412.11,No
CUST00641,Female,1,64,Yes,Fiber optic,40.53,3125.61,No
CUST00642,Male,0,9,Yes,DSL,99.62,962.57,No
CUST00643,Male,0,56,Yes,Fiber optic,36.71,2423.53,No
CUST00644,Female,0,12,No,Fiber optic,90.74,1186.58,No
CUST00645,Female,1,70,No,DSL,99.62,7216.99,No
CUST00646,Female,0,34,Yes,No,90.41,2962.46,No
CUST00647,Male,0,44,Yes,DSL,80.92,3950.15,No
CUST00648,Male,0,65,No,DSL,75.6,4960.36,No
CUST00649,Female,0,26,Yes,DSL,55.4,1482.73,No
CUST00650,Female,0,67,No,No,62.06,4561.74,No
CUST00651,Female,0,68,Yes,DSL,91.08,5606.35,No
CUST00652,Male,1,7,Yes,Fiber optic,87.64,601.95,Yes
CUST00653,Male,1,45,Yes,Fiber optic,97.86,,Yes
CUST00654,Female,1,11,No,Fiber optic,91.0,1003.34,Yes
CUST00655,Male,0,43,No,Fiber optic,26.1,1069.89,No
CUST00656,Male,0,7,No,DSL,76.97,548.25,Yes
CUST00657,Female,0,2,Yes,Fiber optic,79.69,145.68,Yes
CUST00658,Female,0,35,Yes,Fiber optic,22.18,,No
CUST00659,Female,0,23,No,Fiber optic,82.81,1867.71,Yes
CUST00660,Male,1,23,Yes,Fiber optic,64.7,1562.9,No
CUST00661,Male,0,43,Yes,No,25.06,1456.6,No
CUST00662,Female,0,8,No,DSL,78.61,676.86,No
CUST00663,Male,1,3,Yes,Fiber optic,76.93,233.87,No
CUST00664,Female,0,70,Yes,DSL,67.14,5367.03,No
CUST00665,Female,0,65,Yes,No,83.76,5292.8,No
CUST00666,Female,1,67,Yes,Fiber optic,25.49,1244.1,No
CUST00667,Female,1,71,No,Fiber optic,31.36,1656.18,No
CUST00668,Male,0,3,No,DSL,97.47,266.05,Yes
CUST00669,Female,0,0,Yes,Fiber optic,73.57,,No
CUST00670,Female,1,37,No,No,51.48,1962.12,No
CUST00671,Female,0,64,Yes,DSL,37.06,2281.86,No
CUST00672,Female,1,8,No,No,71.84,509.77,No
CUST00673,Male,0,11,Yes,DSL,95.56,998.63,No
CUST00674,Male,0,35,No,Fiber optic,75.65,2534.82,Yes
CUST00675,Female,1,7,Yes,Fiber optic,77.63,478.29,Yes
CUST00676,Female,0,48,No,Fiber optic,33.6,2023.96,Yes
CUST00677,Female,0,69,No,DSL,97.37,,No
CUST00678,Female,0,3,No,DSL,109.3,323.36,Yes
CUST00679,Female,0,28,Yes,DSL,82.69,2077.64,No
CUST00680,Male,0,6,No,DSL,80.82,450.88,Yes
CUST00681,Female,0,29,Yes,DSL,52.81,1535.39,No
CUST00682,Male,0,3,Yes,DSL,105.97,294.38,Yes
CUST00683,Male,0,52,Yes,No,63.85,3086.8,No
CUST00684,Female,1,6,Yes,Fiber optic,97.74,574.59,No
CUST00685,Male,1,15,Yes,Fiber optic,73.45,1076.53,No
CUST00686,Male,0,14,No,Fiber optic,73.47,938.55,No
CUST00687,Female,0,7,Yes,Fiber optic,68.17,499.85,Yes
CUST00688,Female,1,11,No,DSL,68.57,649.1,No
CUST00689,Male,1,26,Yes,Fiber optic,46.9,1295.54,No
CUST00690,Female,0,68,No,Fiber optic,36.41,2782.81,No
CUST00691,Female,0,30,No,DSL,23.15,,No
CUST00692,Female,0,2,No,No,63.51,140.97,No
CUST00693,Male,0,34,Yes,Fiber optic,93.41,3432.54,Yes
CUST00694,Male,0,17,Yes,DSL,49.55,842.26,No
CUST00695,Male,0,38,Yes,No,73.82,3155.18,No
CUST00696,Male,0,5,Yes,Fiber optic,68.73,325.73,No
CUST00697,Female,0,5,No,DSL,89.81,421.62,No
CUST00698,Male,0,57,Yes,Fiber optic,29.27,1936.2,No
CUST00699,Male,1,72,No,Fiber optic,62.29,3764.89,Yes
CUST00700,Male,0,68,No,No,27.75,2111.04,No
CUST00701,Male,0,5,No,DSL,63.43,321.43,No
CUST00702,Female,0,9,No,DSL,101.04,889.91,No
CUST00703,Male,0,63,Yes,DSL,64.12,3933.79,No
CUST00704,Female,0,14,Yes,DSL,93.52,,No
CUST00705,Female,0,2,No,DSL,78.09,164.0,Yes
CUST00706,Female,0,8,Yes,DSL,64.95,535.83,No
CUST00707,Male,0,47,Yes,Fiber optic,41.88,1751.89,No
CUST00708,Female,0,5,No,No,76.86,339.32,No
CUST00709,Female,0,12,Yes,No,47.49,506.82,No
CUST00710,Male,1,4,Yes,Fiber optic,70.49,244.32,Yes
CUST00711,Male,0,47,No,No,53.9,2402.74,No
CUST00712,Female,0,65,Yes,Fiber optic,88.59,6029.39,No
CUST00713,Male,0,21,Yes,No,45.16,968.05,No
CUST00714,Male,0,10,No,DSL,62.33,579.43,No
CUST00715,Male,1,70,Yes,Fiber optic,98.15,6633.97,No
CUST00716,Female,0,6,Yes,Fiber optic,108.3,622.17,No
CUST00717,Female,0,21,Yes,DSL,38.27,850.29,No
CUST00718,Male,0,30,No,No,68.61,2064.89,No
CUST00719,Male,0,12,Yes,DSL,33.49,509.56,No
CUST00720,Male,1,58,Yes,DSL,34.2,1448.97,No
CUST00721,Female,0,2,No,Fiber optic,81.54,170.42,Yes
CUST00722,Male,0,6,Yes,Fiber optic,74.9,505.76,Yes
CUST00723,Female,0,5,No,DSL,109.9,534.27,Yes
CUST00724,Female,0,59,No,No,78.03,,No
CUST00725,Female,0,1,No,DSL,109.06,104.69,Yes
CUST00726,Male,0,39,Yes,Fiber optic,29.7,904.06,No
CUST00727,Female,1,8,Yes,Fiber optic,98.18,858.63,Yes
CUST00728,Female,0,8,Yes,DSL,109.69,934.41,No
CUST00729,Male,0,69,Yes,Fiber optic,73.01,5512.83,No
CUST00730,Male,0,56,Yes,No,41.71,,No
CUST00731,Female,0,54,No,DSL,58.92,3464.17,No
CUST00732,Male,0,4,Yes,DSL,97.2,349.95,No
CUST00733,Female,0,10,Yes,DSL,92.73,848.01,No
CUST00734,Female,0,10,No,DSL,86.45,904.17,Yes
CUST00735,Female,0,47,Yes,DSL,51.29,2690.45,No
CUST00736,Female,0,11,No,No,62.18,589.16,No
CUST00737,Male,0,49,Yes,Fiber optic,87.38,4452.3,Yes
CUST00738,Male,0,51,No,No,33.4,1499.06,No
CUST00739,Male,0,43,Yes,Fiber optic,48.63,1798.52,No
CUST00740,Female,0,8,No,Fiber optic,107.93,805.47,Yes
CUST00741,Male,0,5,Yes,No,72.46,394.83,Yes
CUST00742,Male,0,56,Yes,Fiber optic,52.72,3493.32,Yes
CUST00743,Female,0,72,Yes,DSL,26.72,1543.85,No
CUST00744,Male,0,2,Yes,DSL,88.03,179.0,Yes
CUST00745,Male,0,12,Yes,Fiber optic,25.2,294.2,Yes
CUST00746,Female,0,6,Yes,Fiber optic,92.33,559.11,No
CUST00747,Male,0,54,No,Fiber optic,50.49,2319.89,No
CUST00748,Female,0,9,No,Fiber optic,60.41,589.91,Yes
CUST00749,Female,0,2,No,Fiber optic,64.01,133.11,Yes
CUST00750,Male,0,24,Yes,Fiber optic,51.02,,No
CUST00751,Female,0,25,No,Fiber optic,37.51,898.3,Yes
CUST00752,Male,0,2,No,No,85.31,175.88,No
CUST00753,Female,0,50,No,Fiber optic,29.35,1553.9,Yes
CUST00754,Male,0,32,No,Fiber optic,29.49,1089.83,No
CUST00755,Female,0,29,Yes,No,92.31,2730.29,No
CUST00756,Female,0,26,Yes,DSL,26.04,465.66,No
CUST00757,Female,0,3,No,DSL,61.54,188.69,No
CUST00758,Male,0,9,Yes,DSL,69.17,583.76,No
CUST00759,Male,0,8,No,Fiber optic,85.91,742.73,No
CUST00760,Male,0,7,No,DSL,69.12,462.43,No
CUST00761,Male,0,12,No,DSL,28.17,408.08,No
CUST00762,Female,0,1,Yes,DSL,63.9,62.71,No
CUST00763,Female,0,9,No,DSL,93.54,768.75,No
CUST00764,Female,0,16,No,DSL,70.74,1215.04,No
CUST00765,Male,1,62,Yes,Fiber optic,44.6,2302.02,No
CUST00766,Male,0,15,No,Fiber optic,46.16,673.76,Yes
CUST00767,Female,0,7,Yes,No,83.16,514.74,Yes
CUST00768,Female,0,27,Yes,DSL,64.78,1670.19,No
CUST00769,Female,0,42,Yes,No,92.66,3512.27,No
CUST00770,Male,0,7,No,Fiber optic,103.21,735.97,No
CUST00771,Female,0,4,No,Fiber optic,100.39,397.0,No
CUST00772,Female,0,66,Yes,DSL,56.36,3653.06,No
CUST00773,Female,0,36,No,DSL,32.9,827.88,No
CUST00774,Male,0,26,Yes,Fiber optic,70.35,1578.15,Yes
CUST00775,Male,0,0,No,No,85.49,,No
CUST00776,Female,0,4,Yes,DSL,101.91,413.59,Yes
CUST00777,Male,0,55,Yes,Fiber optic,78.68,4290.71,No
CUST00778,Female,0,10,Yes,Fiber optic,94.92,935.04,Yes
CUST00779,Male,1,58,Yes,DSL,92.46,5753.12,No
CUST00780,Male,0,8,No,DSL,95.71,776.05,No
CUST00781,Female,0,30,Yes,DSL,66.99,1883.77,No
CUST00782,Male,0,6,No,Fiber optic,98.21,585.75,No
CUST00783,Male,0,20,Yes,Fiber optic,81.55,1582.38,No
CUST00784,Male,0,48,Yes,DSL,85.93,4365.83,No
CUST00785,Male,0,6,No,DSL,68.23,353.47,No
CUST00786,Female,0,0,No,Fiber optic,85.81,,Yes
CUST00787,Female,0,71,No,No,92.88,6878.21,No
CUST00788,Female,0,56,Yes,Fiber optic,52.11,2703.41,No
CUST00789,Male,1,27,Yes,Fiber optic,50.77,1288.12,Yes
CUST00790,Female,1,9,No,Fiber optic,78.78,769.21,Yes
CUST00791,Female,0,7,Yes,Fiber optic,92.93,636.12,No
CUST00792,Female,1,49,No,Fiber optic,23.21,1269.76,No
CUST00793,Female,0,24,Yes,No,80.33,2002.58,No
CUST00794,Male,1,55,No,DSL,96.23,5143.48,No
CUST00795,Male,0,12,No,No,52.52,609.9,No
CUST00796,Female,0,48,Yes,Fiber optic,97.04,4662.78,Yes
CUST00797,Male,0,58,Yes,Fiber optic,81.06,4153.61,No
CUST00798,Male,0,22,No,Fiber optic,25.68,494.24,Yes
CUST00799,Female,0,5,No,No,96.21,456.47,No
CUST00800,Female,0,29,No,No,34.35,788.71,No
CUST00801,Male,0,7,Yes,Fiber optic,93.18,711.98,Yes
CUST00802,Female,1,35,No,Fiber optic,59.52,2229.3,No
CUST00803,Male,0,9,Yes,Fiber optic,100.61,886.13,No
CUST00804,Female,0,32,No,No,45.19,,No
CUST00805,Female,0,72,No,Fiber optic,35.97,2576.83,Yes
CUST00806,Male,0,7,Yes,Fiber optic,71.59,484.85,No
CUST00807,Female,0,49,No,Fiber optic,63.13,3029.1,No
CUST00808,Male,0,50,Yes,DSL,55.01,2357.62,No
CUST00809,Female,0,66,No,Fiber optic,26.72,1804.53,Yes
CUST00810,Male,1,32,No,No,39.64,1363.12,No
CUST00811,Female,1,7,Yes,Fiber optic,63.26,405.2,Yes
CUST00812,Female,0,13,Yes,No,38.44,,No
CUST00813,Female,0,29,No,Fiber optic,22.48,520.53,No
CUST00814,Male,0,8,No,DSL,89.47,751.37,No
CUST00815,Male,0,9,No,Fiber optic,85.84,757.21,No
CUST00816,Male,0,4,No,DSL,99.4,408.51,No
CUST00817,Female,0,32,No,Fiber optic,51.47,1382.45,Yes
CUST00818,Male,0,51,No,DSL,57.93,2580.27,No
CUST00819,Male,0,29,Yes,DSL,55.09,1514.17,No
CUST00820,Female,1,62,No,Fiber optic,44.05,2657.53,No
CUST00821,Male,0,23,Yes,Fiber optic,93.21,2183.47,No
CUST00822,Female,1,54,No,No,38.98,2196.19,Yes
CUST00823,Male,0,38,Yes,DSL,30.55,786.72,No
CUST00824,Female,1,28,Yes,No,38.58,1312.33,No
CUST00825,Male,1,45,No,DSL,37.82,1606.62,No
CUST00826,Male,0,36,No,DSL,62.68,2266.23,No
CUST00827,Male,0,3,No,DSL,75.79,244.63,Yes
CUST00828,Female,0,39,No,DSL,60.99,2132.52,No
CUST00829,Male,1,0,Yes,No,101.61,,Yes
CUST00830,Female,1,12,No,DSL,88.28,992.37,No
CUST00831,Female,0,6,Yes,DSL,85.03,457.37,Yes
CUST00832,Female,0,9,Yes,DSL,107.12,936.23,Yes
CUST00833,Female,0,12,Yes,Fiber optic,54.76,760.21,No
CUST00834,Male,1,39,No,Fiber optic,58.52,1899.5,Yes
CUST00835,Male,0,66,No,DSL,87.82,5522.21,No
CUST00836,Male,0,14,No,DSL,87.48,1267.77,No
CUST00837,Male,0,10,Yes,Fiber optic,82.68,845.81,Yes
CUST00838,Female,0,55,No,DSL,20.38,861.93,No
CUST00839,Male,1,11,Yes,DSL,79.13,871.81,No
CUST00840,Male,1,45,No,Fiber optic,23.64,687.78,No
CUST00841,Male,0,16,Yes,DSL,27.66,282.95,No
CUST00842,Male,0,38,Yes,Fiber optic,31.32,838.31,Yes
CUST00843,Male,0,36,No,DSL,42.85,1529.68,No
CUST00844,Female,0,1,Yes,No,102.71,108.04,Yes
CUST00845,Male,0,61,No,DSL,99.63,6587.84,No
CUST00846,Male,0,41,No,No,60.76,2169.78,No
CUST00847,Female,0,35,Yes,DSL,55.15,2113.62,No
CUST00848,Male,0,38,Yes,DSL,62.28,2491.59,No
CUST00849,Female,1,20,No,Fiber optic,87.4,1594.36,Yes
CUST00850,Male,0,46,Yes,DSL,76.68,3894.41,No
CUST00851,Male,0,63,No,Fiber optic,26.49,1714.98,No
CUST00852,Male,0,4,Yes,Fiber optic,108.84,423.14,No
CUST00853,Female,0,2,No,DSL,60.11,112.95,No
CUST00854,Female,0,4,Yes,DSL,99.09,424.97,No
CUST00855,Male,0,47,No,DSL,49.54,,No
CUST00856,Female,0,62,No,Fiber optic,47.63,3286.76,No
CUST00857,Male,0,39,No,No,80.31,2905.06,No
CUST00858,Male,0,70,No,Fiber optic,84.83,6378.14,No
CUST00859,Female,0,0,Yes,No,72.84,,Yes
CUST00860,Male,0,12,No,No,49.46,476.31,No
CUST00861,Female,0,2,No,DSL,93.7,170.25,Yes
CUST00862,Female,0,11,No,DSL,67.7,854.56,No
CUST00863,Male,1,39,No,No,86.1,3268.48,Yes
CUST00864,Male,0,8,No,DSL,89.55,748.73,Yes
CUST00865,Female,0,11,Yes,Fiber optic,108.57,1195.28,Yes
CUST00866,Female,0,6,Yes,Fiber optic,80.51,465.49,Yes
CUST00867,Male,0,10,Yes,Fiber optic,79.55,856.06,Yes
CUST00868,Male,0,0,No,Fiber optic,106.45,,Yes
CUST00869,Female,0,50,Yes,DSL,24.7,1025.7,No
CUST00870,Male,0,3,Yes,Fiber optic,72.18,213.61,Yes
CUST00871,Female,1,4,No,Fiber optic,108.4,423.71,No
CUST00872,Male,0,70,No,DSL,89.57,6860.11,No
CUST00873,Female,0,3,No,DSL,90.58,243.41,Yes
CUST00874,Male,0,11,Yes,DSL,68.43,696.04,No
CUST00875,Male,0,35,No,DSL,76.93,2452.98,No
CUST00876,Female,0,37,Yes,Fiber optic,84.16,3359.02,No
CUST00877,Female,1,55,No,DSL,61.08,2810.85,No
CUST00878,Male,1,16,No,DSL,50.57,681.06,No
CUST00879,Female,0,30,Yes,DSL,88.37,2633.3,No
CUST00880,Male,0,8,Yes,Fiber optic,108.31,822.83,Yes
CUST00881,Female,0,20,Yes,No,53.46,1115.44,No
CUST00882,Female,0,18,No,Fiber optic,52.13,998.55,No
CUST00883,Female,0,40,No,No,37.22,1431.88,No
CUST00884,Female,0,10,Yes,DSL,71.62,638.84,Yes
CUST00885,Male,1,6,No,Fiber optic,100.89,599.86,No
CUST00886,Male,0,33,No,DSL,99.81,3206.04,No
CUST00887,Female,0,55,Yes,DSL,34.5,2387.02,No
CUST00888,Male,0,16,Yes,DSL,91.49,1492.4,No
CUST00889,Female,0,71,Yes,Fiber optic,80.47,6245.64,No
CUST00890,Female,0,12,Yes,DSL,45.43,624.11,No
CUST00891,Male,1,72,Yes,DSL,41.7,2988.89,No
CUST00892,Male,0,65,No,Fiber optic,34.26,2189.89,Yes
CUST00893,Female,0,41,Yes,No,47.54,1727.36,No
CUST00894,Female,0,48,Yes,No,49.5,2232.64,No
CUST00895,Female,0,56,No,Fiber optic,63.86,3862.54,Yes
CUST00896,Female,0,3,No,DSL,73.85,197.49,No
CUST00897,Female,0,52,Yes,DSL,83.95,4785.98,No
CUST00898,Female,1,34,No,No,81.85,2450.86,No
CUST00899,Male,0,45,Yes,DSL,89.27,3698.93,No
CUST00900,Female,1,27,No,Fiber optic,50.71,1330.45,Yes
CUST00901,Female,0,54,No,Fiber optic,96.21,4952.04,Yes
CUST00902,Female,0,26,Yes,No,69.16,1688.47,No
CUST00903,Male,0,9,No,Fiber optic,70.17,683.32,Yes
CUST00904,Male,0,41,Yes,No,34.85,1198.38,No
CUST00905,Male,0,23,Yes,Fiber optic,38.45,990.16,Yes
CUST00906,Male,0,35,Yes,No,30.35,1267.49,No
CUST00907,Male,0,3,Yes,Fiber optic,85.7,237.29,No
CUST00908,Female,0,7,No,Fiber optic,104.23,775.41,No
CUST00909,Female,1,36,No,No,97.8,3267.47,Yes
CUST00910,Female,1,59,No,DSL,65.17,3510.84,No
CUST00911,Female,0,67,No,DSL,32.5,1540.64,No
CUST00912,Male,0,54,No,Fiber optic,84.1,4507.99,Yes
CUST00913,Female,0,5,Yes,Fiber optic,94.22,476.18,No
CUST00914,Male,0,35,No,No,41.9,1531.64,No
CUST00915,Male,0,54,No,Fiber optic,58.54,2884.98,Yes
CUST00916,Female,0,16,Yes,DSL,68.0,1222.67,No
CUST00917,Female,0,42,No,DSL,35.27,,No
CUST00918,Female,0,21,No,DSL,30.51,576.13,No
CUST00919,Male,0,4,No,Fiber optic,88.41,318.0,No
CUST00920,Female,0,35,Yes,Fiber optic,59.38,2277.32,No
CUST00921,Male,0,12,Yes,DSL,27.76,226.68,No
CUST00922,Male,1,34,Yes,DSL,94.21,3258.12,No
CUST00923,Female,1,6,Yes,Fiber optic,72.74,427.48,No
CUST00924,Male,0,24,No,No,92.74,2331.43,No
CUST00925,Female,1,65,Yes,DSL,52.94,2939.76,No
CUST00926,Female,1,7,Yes,DSL,109.74,802.37,Yes
CUST00927,Male,0,29,Yes,No,25.31,644.04,No
CUST00928,Female,0,46,No,Fiber optic,57.78,3112.65,No
CUST00929,Female,0,55,No,Fiber optic,71.26,4148.15,Yes
CUST00930,Female,1,72,Yes,No,63.71,3935.85,No
CUST00931,Male,1,7,No,No,70.35,496.62,No
CUST00932,Male,0,5,Yes,No,103.96,475.5,No
CUST00933,Male,0,60,Yes,Fiber optic,25.32,,No
CUST00934,Male,0,8,Yes,Fiber optic,101.96,752.86,Yes
CUST00935,Male,0,69,No,DSL,22.7,1547.8,No
CUST00936,Female,1,35,No,DSL,83.04,3196.21,Yes
CUST00937,Male,0,71,No,No,44.75,3370.92,No
CUST00938,Male,0,70,No,DSL,51.2,,No
CUST00939,Female,0,13,No,Fiber optic,94.1,1154.83,No
CUST00940,Female,0,27,No,Fiber optic,60.04,1559.5,No
CUST00941,Male,1,12,No,Fiber optic,86.07,919.49,Yes
CUST00942,Male,0,61,No,Fiber optic,35.89,2733.23,No
CUST00943,Female,0,54,Yes,Fiber optic,22.51,991.62,No
CUST00944,Male,0,49,No,DSL,95.86,4526.15,No
CUST00945,Male,0,6,No,Fiber optic,101.3,,No
CUST00946,Male,0,33,Yes,DSL,55.01,1694.43,No
CUST00947,Female,0,10,Yes,DSL,65.52,732.48,No
CUST00948,Male,0,66,No,No,59.02,3290.77,No
CUST00949,Female,0,17,No,Fiber optic,35.37,661.46,No
CUST00950,Female,0,8,No,No,108.18,912.19,Yes
CUST00951,Female,0,19,Yes,No,87.34,1604.08,No
CUST00952,Female,0,42,No,Fiber optic,86.68,3438.26,No
CUST00953,Female,0,12,No,Fiber optic,63.49,753.92,Yes
CUST00954,Male,0,9,No,Fiber optic,109.77,953.78,No
CUST00955,Female,0,42,No,Fiber optic,22.55,678.67,No
CUST00956,Male,1,37,Yes,Fiber optic,94.15,3394.61,No
CUST00957,Female,0,6,No,DSL,103.81,564.29,No
CUST00958,Female,1,32,Yes,DSL,36.8,1238.32,No
CUST00959,Female,0,2,Yes,Fiber optic,107.88,221.5,No
CUST00960,Male,1,42,No,Fiber optic,31.2,1717.23,No
CUST00961,Female,0,41,Yes,No,63.07,2462.33,No
CUST00962,Female,1,3,No,No,97.96,289.57,Yes
CUST00963,Male,0,42,Yes,DSL,70.98,2930.47,No
CUST00964,Female,0,6,Yes,No,79.4,484.75,No
CUST00965,Male,0,59,No,DSL,39.11,2885.28,No
CUST00966,Female,0,65,No,Fiber optic,100.0,6006.65,No
CUST00967,Female,0,1,Yes,DSL,74.24,82.6,Yes
CUST00968,Male,0,49,Yes,Fiber optic,33.06,1222.01,No
CUST00969,Male,0,2,No,No,107.86,198.81,No
CUST00970,Male,0,25,No,Fiber optic,99.33,2392.28,No
CUST00971,Female,0,46,No,DSL,80.27,3380.11,No
CUST00972,Female,0,10,Yes,DSL,99.79,974.91,Yes
CUST00973,Female,1,49,No,DSL,38.14,2013.9,Yes
CUST00974,Male,0,19,Yes,Fiber optic,64.32,1141.3,No
CUST00975,Male,0,38,No,Fiber optic,90.16,3686.44,No
CUST00976,Female,0,11,Yes,No,90.98,929.6,No
CUST00977,Female,0,22,Yes,DSL,70.36,1670.93,No
CUST00978,Male,0,1,No,DSL,82.68,79.94,No
CUST00979,Male,0,61,Yes,DSL,63.08,3729.09,No
CUST00980,Female,0,50,Yes,Fiber optic,68.97,3226.37,Yes
CUST00981,Female,0,6,Yes,DSL,88.85,575.84,No
CUST00982,Female,0,47,No,No,21.72,685.98,No
CUST00983,Male,1,64,No,Fiber optic,77.28,5106.91,Yes
CUST00984,Female,0,7,Yes,DSL,65.76,,No
CUST00985,Male,0,7,Yes,No,62.03,449.64,No
CUST00986,Male,1,4,Yes,DSL,85.89,325.44,No
CUST00987,Female,0,25,Yes,Fiber optic,34.65,856.64,Yes
CUST00988,Female,0,7,No,Fiber optic,83.19,602.85,Yes
CUST00989,Female,1,11,No,No,96.87,1166.92,No
CUST00990,Male,0,31,Yes,No,65.82,2016.58,No
CUST00991,Male,0,43,No,Fiber optic,73.62,3335.67,No
CUST00992,Male,1,33,Yes,DSL,84.87,2749.73,No
CUST00993,Male,0,49,No,Fiber optic,73.13,3206.36,No
CUST00994,Female,0,9,Yes,No,85.53,833.11,No
CUST00995,Male,1,41,Yes,No,51.33,2110.91,No
CUST00996,Female,1,54,No,Fiber optic,46.19,2058.31,Yes
CUST00997,Female,0,59,Yes,No,35.39,1776.75,No
CUST00998,Male,0,52,Yes,DSL,27.59,1228.56,No
CUST00999,Male,0,31,No,DSL,87.03,2967.59,No
CUST01000,Female,0,56,No,Fiber optic,71.29,4373.75,Yes
